City_ID,City,Country,Lat,Lng,Max Temp,Humidity,Cloudiness,Wind Speed,Current Description
0,Riohacha,CO,11.5444,-72.9072,89.46,59,27,16.69,scattered clouds
1,Barrow,US,71.2906,-156.7887,27.3,94,100,15.84,overcast clouds
2,Pochutla,MX,15.7432,-96.4661,74.82,88,97,2.3,overcast clouds
3,Ahipara,NZ,-35.1667,173.1667,60.6,97,99,1.72,light rain
4,Khatanga,RU,71.9667,102.5,13.1,92,100,17.18,overcast clouds
5,East London,ZA,-33.0153,27.9116,66.04,64,65,30.09,broken clouds
6,Ushuaia,AR,-54.8,-68.3,44.22,87,90,31.07,moderate rain
7,Busselton,AU,-33.65,115.3333,55.09,84,11,7.36,few clouds
8,Hovd,MN,48.0056,91.6419,37.89,51,97,5.26,overcast clouds
9,Mihail Kogalniceanu,RO,44.3667,28.45,55.67,71,0,5.75,light rain
10,Cherskiy,RU,68.75,161.3,-7.17,100,100,1.99,overcast clouds
11,Maragogi,BR,-9.0122,-35.2225,84.09,67,86,13.22,overcast clouds
12,Port Alfred,ZA,-33.5906,26.891,63.46,64,39,33.51,scattered clouds
13,Kabo,CF,7.6994,18.629,79.77,80,29,4.61,scattered clouds
14,Chuy,UY,-33.6971,-53.4616,64.18,62,100,2.95,moderate rain
15,Hobart,AU,-42.8794,147.3294,53.02,92,90,4.0,moderate rain
16,Nemuro,JP,43.3236,145.575,44.4,73,39,10.6,scattered clouds
17,Bredasdorp,ZA,-34.5322,20.0403,57.27,56,86,14.14,overcast clouds
18,Vagay,RU,57.9375,69.0217,46.83,73,99,14.61,overcast clouds
19,Mataura,NZ,-46.1927,168.8643,50.22,87,100,0.34,overcast clouds
20,Vaini,TO,-21.2,-175.2,69.96,88,75,9.22,broken clouds
21,Albany,US,42.6001,-73.9662,51.8,64,58,1.01,broken clouds
22,Jamestown,US,42.097,-79.2353,49.01,84,90,1.01,overcast clouds
23,Prainha,BR,-1.8,-53.48,88.92,53,50,3.47,heavy intensity rain
24,Juruti,BR,-2.1522,-56.0922,89.64,57,83,3.31,light rain
25,Qaanaaq,GL,77.484,-69.3632,-1.32,59,0,8.3,clear sky
26,Iqaluit,CA,63.7506,-68.5145,29.7,80,93,5.01,overcast clouds
27,Rikitea,PF,-23.1203,-134.9692,74.48,82,59,20.49,broken clouds
28,Jardim,BR,-21.4803,-56.1381,99.48,33,10,15.1,clear sky
29,Bluff,NZ,-46.6,168.3333,52.92,85,100,3.71,overcast clouds
30,Mantua,IT,45.1667,10.7833,67.73,79,71,1.01,broken clouds
31,Bambous Virieux,MU,-20.3428,57.7575,75.22,78,18,10.71,few clouds
32,Castro,BR,-24.7911,-50.0119,75.92,41,98,9.82,overcast clouds
33,Grindavik,IS,63.8424,-22.4338,46.87,100,90,13.8,overcast clouds
34,New Norfolk,AU,-42.7826,147.0587,52.66,82,100,7.0,light rain
35,Carnarvon,AU,-24.8667,113.6333,71.44,73,0,18.68,clear sky
36,Verkhovazhye,RU,60.7472,42.0465,38.19,97,100,5.21,overcast clouds
37,Coquimbo,CL,-29.9533,-71.3436,61.74,64,1,8.66,clear sky
38,Tuktoyaktuk,CA,69.4541,-133.0374,28.4,93,90,16.11,overcast clouds
39,Ust-Koksa,RU,50.2696,85.6108,27.21,71,51,3.27,broken clouds
40,Hermanus,ZA,-34.4187,19.2345,61.9,67,68,11.23,broken clouds
41,Kodiak,US,57.79,-152.4072,42.49,83,100,15.55,light rain
42,Saskylakh,RU,71.9167,114.0833,6.17,95,100,14.7,light snow
43,Georgetown,MY,5.4112,100.3354,80.89,84,40,8.99,scattered clouds
44,Cidreira,BR,-30.1811,-50.2056,73.74,68,69,12.03,light rain
45,Isangel,VU,-19.55,169.2667,71.71,88,81,4.61,broken clouds
46,Longyearbyen,SJ,78.2186,15.6401,21.04,86,20,3.44,few clouds
47,Punta Arenas,CL,-53.15,-70.9167,37.51,87,90,34.52,shower sleet
48,Buchanan,LR,5.8808,-10.0467,80.85,81,68,8.86,light rain
49,Port Elizabeth,ZA,-33.918,25.5701,66.49,55,0,31.07,clear sky
50,Lebu,CL,-37.6167,-73.65,53.89,64,98,5.75,overcast clouds
51,Vao,NC,-22.6667,167.4833,71.78,79,93,15.64,overcast clouds
52,Vanderhoof,CA,54.0166,-124.0198,37.24,88,59,6.44,broken clouds
53,Cape Town,ZA,-33.9258,18.4232,66.09,53,62,5.99,broken clouds
54,Butaritari,KI,3.0707,172.7902,81.21,71,75,9.37,broken clouds
55,Shaghat,AM,39.5625,45.9143,41.7,45,79,1.43,broken clouds
56,Torbay,CA,47.6666,-52.7314,61.39,93,100,3.0,very heavy rain
57,Tasiilaq,GL,65.6145,-37.6368,33.96,90,100,5.28,overcast clouds
58,Puerto Ayora,EC,-0.7393,-90.3518,69.76,78,94,9.15,overcast clouds
59,Aban,RU,56.67,96.06,37.06,62,99,14.36,overcast clouds
60,San Quintin,MX,30.4833,-115.95,64.67,77,39,12.59,scattered clouds
61,Yellowknife,CA,62.456,-114.3525,41.41,86,100,17.0,overcast clouds
62,Coxim,BR,-18.5067,-54.76,94.89,39,67,11.01,broken clouds
63,Sagaing,MM,21.8787,95.9797,74.95,90,64,3.67,broken clouds
64,Thompson,CA,55.7435,-97.8558,30.36,93,75,2.3,broken clouds
65,Havoysund,NO,70.9963,24.6622,32.88,65,100,17.83,light snow
66,Luderitz,NA,-26.6481,15.1594,64.15,66,35,20.04,scattered clouds
67,Tanete,ID,-3.9443,119.7848,76.21,91,75,0.89,broken clouds
68,Benguela,AO,-12.5763,13.4055,77.83,68,58,8.5,broken clouds
69,Simao,CN,22.7886,100.9748,58.98,98,100,1.63,overcast clouds
70,Hilo,US,19.7297,-155.09,72.25,96,90,8.05,moderate rain
71,Nishihara,JP,26.1842,127.7558,72.68,60,75,8.05,broken clouds
72,Saint-Philippe,RE,-21.3585,55.7679,76.59,82,74,11.7,broken clouds
73,Bundaberg,AU,-24.85,152.35,76.21,91,53,7.0,light rain
74,Padang,ID,-0.9492,100.3543,77.05,89,75,4.61,moderate rain
75,Nome,US,64.5011,-165.4064,30.16,80,100,5.5,overcast clouds
76,Nikolskoye,RU,59.7035,30.7861,37.87,96,100,9.31,light rain
77,Pevek,RU,69.7008,170.3133,12.51,94,100,6.06,light snow
78,Ancud,CL,-41.8697,-73.8203,52.21,59,19,9.73,few clouds
79,Victoria,HK,22.2855,114.1577,70.32,77,77,4.0,light rain
80,Carballo,ES,43.213,-8.691,62.55,74,100,4.12,overcast clouds
81,Eisiskes,LT,54.1667,25.0,41.34,81,61,11.27,broken clouds
82,Geraldton,AU,-28.7667,114.6,59.41,88,0,4.61,clear sky
83,Arraial Do Cabo,BR,-22.9661,-42.0278,80.56,73,0,18.41,clear sky
84,Anito,PH,12.4497,125.2886,78.84,88,97,6.26,heavy intensity rain
85,Atuona,PF,-9.8,-139.0333,77.81,77,20,18.12,few clouds
86,Lorengau,PG,-2.0226,147.2712,80.56,82,97,8.05,overcast clouds
87,Korem,ET,12.5058,39.5228,57.67,53,13,5.3,few clouds
88,Kapaa,US,22.0752,-159.319,73.18,94,19,11.83,few clouds
89,Nouadhibou,MR,20.931,-17.0347,69.06,79,0,23.62,clear sky
90,Sao Filipe,CV,14.8961,-24.4956,80.74,65,0,4.94,clear sky
91,Pecos,US,31.4229,-103.4932,80.31,60,1,0.0,clear sky
92,Ust-Ilimsk,RU,58.0006,102.6619,34.09,75,100,10.16,overcast clouds
93,Labuhan,ID,-6.8844,112.2051,80.71,78,94,8.08,overcast clouds
94,Upernavik,GL,72.7868,-56.1549,19.08,82,71,4.07,broken clouds
95,Kropotkin,RU,45.4375,40.5756,59.25,57,98,7.27,overcast clouds
96,College,US,64.8569,-147.8028,28.42,91,87,3.18,overcast clouds
97,Vigrestad,NO,58.5667,5.7,48.99,68,94,10.56,overcast clouds
98,Sherbrooke,CA,45.4001,-71.8991,45.68,78,90,5.75,overcast clouds
99,Muros,ES,42.7762,-9.0603,62.98,76,100,2.82,overcast clouds
100,San Cristobal,VE,7.7669,-72.225,77.18,58,78,6.24,broken clouds
101,Nuevo Casas Grandes,MX,30.4167,-107.9167,64.74,38,1,4.0,clear sky
102,Udachnyy,RU,66.4167,112.4,24.31,85,28,18.05,scattered clouds
103,Paamiut,GL,61.994,-49.6678,31.89,47,15,21.56,few clouds
104,Aden,YE,12.7794,45.0367,84.49,64,15,8.55,few clouds
105,Broome,US,42.2506,-75.833,50.02,72,90,1.01,overcast clouds
106,Kemijarvi,FI,66.7131,27.4306,22.68,97,100,2.68,overcast clouds
107,Mayumba,GA,-3.432,10.6554,79.12,78,79,6.31,broken clouds
108,Sisimiut,GL,66.9395,-53.6735,22.68,93,100,13.06,light snow
109,Ujjain,IN,23.1833,75.7667,70.0,56,0,4.5,clear sky
110,Mayo,US,38.8876,-76.5119,64.94,77,100,2.68,overcast clouds
111,Kaitangata,NZ,-46.2817,169.8464,49.68,91,100,3.49,light rain
112,Verkhoyansk,RU,67.5447,133.385,-0.67,100,99,2.33,overcast clouds
113,Sistranda,NO,63.7256,8.834,43.9,80,100,11.95,overcast clouds
114,Korla,CN,41.7597,86.1469,55.44,39,100,6.02,overcast clouds
115,Marsh Harbour,BS,26.5412,-77.0636,77.13,84,100,13.56,overcast clouds
116,Fairmont,US,39.4851,-80.1426,54.18,93,95,1.01,overcast clouds
117,Huarmey,PE,-10.0681,-78.1522,68.76,72,84,11.14,broken clouds
118,La Rioja,ES,42.25,-2.5,62.04,40,0,4.38,clear sky
119,Ascension,US,30.2169,-90.9001,82.0,81,75,5.75,broken clouds
120,Rafaela,AR,-31.2503,-61.4867,71.06,58,100,7.0,overcast clouds
121,Gondanglegi,ID,-7.7479,112.0132,77.45,85,100,10.42,overcast clouds
122,Shingu,JP,33.7333,135.9833,49.73,73,0,7.34,clear sky
123,Walvis Bay,NA,-22.9575,14.5053,66.09,65,0,24.65,clear sky
124,Yulara,AU,-25.2406,130.9889,66.81,38,0,19.46,clear sky
125,Avarua,CK,-21.2078,-159.775,68.05,68,75,6.91,light rain
126,Hambantota,LK,6.1241,81.1185,80.94,89,20,3.44,few clouds
127,Kimbe,PG,-5.5502,150.1429,74.37,92,11,4.23,few clouds
128,Redlands,US,34.0556,-117.1825,67.39,83,90,4.61,haze
129,Gogrial,SS,8.5332,28.1004,81.72,57,95,3.62,overcast clouds
130,Sorong,ID,-0.8833,131.25,79.43,82,38,6.82,moderate rain
131,Mahebourg,MU,-20.4081,57.7,75.25,79,12,11.21,few clouds
132,Ulladulla,AU,-35.35,150.4667,63.77,92,96,12.77,overcast clouds
133,Akdepe,TM,42.0551,59.3788,53.6,28,0,10.29,clear sky
134,Kondopoga,RU,62.2057,34.2614,34.61,76,100,8.52,overcast clouds
135,Apache Junction,US,33.4151,-111.5496,74.8,32,1,5.01,clear sky
136,Yongan,CN,39.6957,113.6871,42.55,59,49,2.73,scattered clouds
137,Faanui,PF,-16.4833,-151.75,77.07,76,84,4.45,broken clouds
138,Paita,PE,-5.0892,-81.1144,69.3,75,100,10.0,overcast clouds
139,Dingle,PH,10.9995,122.6711,74.75,95,100,5.99,overcast clouds
140,Marawi,PH,7.9986,124.2928,67.64,93,100,3.69,light rain
141,Cabo San Lucas,MX,22.8909,-109.9124,84.06,69,4,7.45,clear sky
142,Zhob,PK,31.3411,69.4481,63.48,20,0,3.02,clear sky
143,Merauke,ID,-8.4667,140.3333,78.12,77,80,11.95,broken clouds
144,Santa Maria Del Oro,MX,25.9333,-105.3667,69.1,41,0,4.61,clear sky
145,Hangu,CN,39.2489,117.7892,46.44,52,0,6.17,clear sky
146,Tabou,CI,4.423,-7.3528,79.9,83,92,8.25,light rain
147,Isiro,CD,2.7739,27.616,75.27,78,100,1.3,overcast clouds
148,Sur,OM,22.5667,59.5289,82.45,59,0,1.25,clear sky
149,Esperance,AU,-33.8667,121.9,53.06,71,0,17.6,clear sky
150,Havre-Saint-Pierre,CA,50.2334,-63.5986,46.76,93,90,5.75,overcast clouds
151,Ponta Delgada,PT,37.7333,-25.6667,72.32,64,20,13.8,few clouds
152,Akhtubinsk,RU,48.2795,46.1722,58.91,61,100,8.43,overcast clouds
153,Rorvik,NO,64.8621,11.2373,44.74,69,100,6.38,overcast clouds
154,Uvira,CD,-3.4067,29.1458,78.82,72,76,1.14,broken clouds
155,Naze,JP,28.3667,129.4833,67.82,74,85,18.81,overcast clouds
156,Nabire,ID,-3.3667,135.4833,75.51,94,95,3.06,overcast clouds
157,Airai,TL,-8.9266,125.4092,62.17,88,83,1.45,broken clouds
158,Bathsheba,BB,13.2167,-59.5167,84.63,64,62,18.28,broken clouds
159,Ribeira Grande,PT,38.5167,-28.7,73.8,53,20,12.66,few clouds
160,Clyde River,CA,70.4692,-68.5914,23.47,83,96,13.29,overcast clouds
161,Los Llanos De Aridane,ES,28.6585,-17.9182,69.55,77,75,1.01,broken clouds
162,Oga,IT,46.4631,10.347,45.25,47,9,0.43,clear sky
163,Sitka,US,57.0531,-135.33,43.09,93,100,5.5,moderate rain
164,Saint-Joseph,RE,-21.3667,55.6167,75.58,82,71,5.23,broken clouds
165,Pacific Grove,US,36.6177,-121.9166,57.81,90,82,3.0,broken clouds
166,Norman Wells,CA,65.282,-126.8329,33.84,86,40,6.91,scattered clouds
167,Egvekinot,RU,66.3167,-179.1667,8.92,82,100,7.49,overcast clouds
168,Mgandu,TZ,-5.95,34.1333,82.63,25,70,7.74,broken clouds
169,Chernyshevskiy,RU,63.0128,112.4714,31.35,78,100,11.9,overcast clouds
170,Ketchikan,US,55.3422,-131.6461,45.48,87,100,8.52,light rain
171,San Patricio,US,28.017,-97.5169,82.02,65,99,10.42,overcast clouds
172,Maldonado,UY,-34.6667,-54.9167,60.22,79,100,2.86,moderate rain
173,Cayenne,GF,4.9333,-52.3333,87.1,74,75,5.01,light rain
174,Saint Austell,GB,50.3383,-4.7658,56.07,71,75,17.27,broken clouds
175,Mar Del Plata,AR,-38.0023,-57.5575,59.88,81,70,5.99,broken clouds
176,Sterling,US,39.0062,-77.4286,63.77,75,90,3.0,overcast clouds
177,Payyannur,IN,12.1,75.2,77.81,87,100,3.67,moderate rain
178,Hamilton,US,39.1834,-84.5333,57.99,80,27,1.99,scattered clouds
179,Debre Sina,ET,9.85,39.7667,52.54,53,35,3.2,scattered clouds
180,Inirida,CO,3.8653,-67.9239,86.59,71,52,3.27,broken clouds
181,Provideniya,RU,64.3833,-173.3,23.67,78,100,8.88,overcast clouds
182,Yar-Sale,RU,66.8333,70.8333,30.81,97,100,6.69,overcast clouds
183,Port Lincoln,AU,-34.7333,135.8667,53.74,78,4,10.85,clear sky
184,Poyarkovo,RU,49.6,128.6833,38.59,75,1,6.29,clear sky
185,Morehead,US,37.2711,-87.1764,61.3,77,1,3.44,clear sky
186,Mbandaka,CD,0.0487,18.2603,76.8,91,75,2.06,light rain
187,Darab,IR,28.7519,54.5444,72.73,28,0,2.28,clear sky
188,Conde,BR,-7.2597,-34.9075,84.92,61,51,14.16,broken clouds
189,Bethel,US,41.3712,-73.414,56.12,71,78,6.96,broken clouds
190,Ixtapa,MX,20.7,-105.2,85.23,80,92,4.0,overcast clouds
191,Lata,PT,40.1629,-8.3327,75.34,44,100,3.56,overcast clouds
192,Natal,BR,-5.795,-35.2094,87.35,52,32,11.36,scattered clouds
193,Bella Union,UY,-30.2752,-57.6007,61.92,95,100,12.26,light rain
194,Bac Lieu,VN,9.285,105.7244,80.22,81,15,7.11,few clouds
195,Chimoio,MZ,-19.1164,33.4833,87.49,29,38,8.12,scattered clouds
196,Vilyuysk,RU,63.7553,121.6247,33.69,98,100,8.72,light rain
197,San Fernando,PH,15.0286,120.6898,80.15,86,100,4.29,overcast clouds
198,Kavieng,PG,-2.5744,150.7967,82.29,77,66,15.84,light rain
199,Ilulissat,GL,69.2167,-51.1,19.53,95,100,2.04,light snow
200,Souillac,MU,-20.5167,57.5167,75.36,79,4,11.07,clear sky
201,Colares,PT,38.7992,-9.4469,77.32,39,0,4.61,clear sky
202,Nakusp,CA,50.2499,-117.8023,48.47,99,100,1.12,overcast clouds
203,Harper,LR,4.375,-7.7169,79.38,84,100,8.32,light rain
204,Bintulu,MY,3.1667,113.0333,75.85,91,100,1.72,overcast clouds
205,Shizunai,JP,42.3339,142.3669,44.4,70,4,8.08,clear sky
206,Santa Isabel Do Rio Negro,BR,-0.4139,-65.0192,93.79,46,9,4.79,clear sky
207,Tiksi,RU,71.6872,128.8694,-2.13,100,98,4.03,overcast clouds
208,Nanortalik,GL,60.1432,-45.2371,36.84,73,29,6.49,scattered clouds
209,Kahului,US,20.8947,-156.47,74.84,90,56,5.99,light rain
210,Fortuna,US,40.5982,-124.1573,54.66,90,20,11.01,few clouds
211,Takoradi,GH,4.8845,-1.7554,79.65,79,92,8.43,light rain
212,Kavaratti,IN,10.5669,72.642,82.13,76,85,3.69,overcast clouds
213,Dalbandin,PK,28.8947,64.4101,64.89,15,0,4.85,clear sky
214,Lagoa,PT,39.05,-27.9833,67.28,73,7,13.87,clear sky
215,Hay River,CA,60.8156,-115.7999,39.45,69,91,12.68,overcast clouds
216,Porto Novo,BJ,6.4965,2.6036,78.06,84,97,4.29,light rain
217,Kotido,UG,2.9806,34.1331,82.47,33,64,16.78,broken clouds
218,Mahmudabad,IN,27.3,81.1167,75.16,60,0,3.53,clear sky
219,Ust-Kuyga,RU,70.0167,135.6,-4.99,99,89,0.96,overcast clouds
220,Acarau,BR,-2.8856,-40.12,89.6,54,75,16.98,broken clouds
221,Biak,ID,-0.9131,122.8766,76.89,77,98,3.47,overcast clouds
222,Tabuk,PH,17.4189,121.4443,73.42,93,100,3.04,overcast clouds
223,Sheksna,RU,59.21,38.5107,37.36,84,100,6.42,overcast clouds
224,Vila Franca Do Campo,PT,37.7167,-25.4333,72.01,75,56,6.17,broken clouds
225,Beloha,MG,-25.1667,45.05,73.9,69,17,8.59,few clouds
226,Mongo,TD,12.1844,18.693,92.53,29,19,4.63,few clouds
227,Beira,MZ,-19.8436,34.8389,77.92,78,0,13.78,clear sky
228,Derzhavinsk,KZ,51.1,66.3167,51.82,71,16,19.04,few clouds
229,Lavrentiya,RU,65.5833,-171.0,24.84,85,100,9.55,overcast clouds
230,Winslow,US,35.0242,-110.6974,57.96,41,1,1.01,clear sky
231,Avera,US,33.194,-82.5271,69.69,51,0,6.42,clear sky
232,Vestmannaeyjar,IS,63.4427,-20.2734,47.39,87,90,9.22,overcast clouds
233,Belokurikha,RU,51.9959,84.9896,40.64,57,100,4.52,light rain
234,Coahuayana,MX,18.7333,-103.6833,84.76,70,95,2.64,overcast clouds
235,Nueva Guinea,NI,11.6876,-84.4562,81.39,80,54,8.5,light rain
236,Adrar,MR,20.5022,-10.0711,90.23,13,31,1.39,scattered clouds
237,Nanakuli,US,21.3906,-158.1547,76.1,88,40,0.0,scattered clouds
238,Makakilo City,US,21.3469,-158.0858,73.69,86,40,0.0,scattered clouds
239,Hereford,GB,52.0568,-2.7148,55.26,58,100,14.18,overcast clouds
240,Mao,ES,39.8885,4.2658,64.96,68,20,12.66,few clouds
241,Payo,ID,-3.7508,103.6372,73.71,97,91,2.21,overcast clouds
242,Roswell,US,34.0232,-84.3616,68.88,62,0,5.06,clear sky
243,Najran,SA,17.4924,44.1277,73.76,19,1,7.25,clear sky
244,Uzhur,RU,55.3036,89.8339,39.58,61,99,21.52,overcast clouds
245,Olafsvik,IS,64.8945,-23.7142,45.5,90,99,12.12,light rain
246,Ejido,VE,8.5514,-71.2375,78.66,70,38,5.77,scattered clouds
247,Boralday,KZ,43.3578,76.8594,35.46,87,0,0.0,mist
248,Dakar,SN,14.6937,-17.4441,94.08,58,0,13.8,clear sky
249,Fereydunshahr,IR,32.941,50.121,45.79,27,0,3.85,clear sky
250,Say,NE,13.1007,2.3689,96.55,31,87,12.84,overcast clouds
251,Beyneu,KZ,45.3167,55.2,56.75,20,0,11.95,clear sky
252,Beaupre,CA,47.0443,-70.8953,47.86,69,99,3.71,overcast clouds
253,Garden City,US,42.3256,-83.331,54.0,74,90,3.0,overcast clouds
254,Vardo,NO,70.3705,31.1107,30.4,69,100,11.61,overcast clouds
255,Batie,BF,9.8833,-2.9167,85.37,57,87,4.97,overcast clouds
256,West Bay,KY,19.3667,-81.4167,88.07,70,69,14.56,broken clouds
257,Kutahya,TR,39.4242,29.9833,56.59,40,0,5.12,clear sky
258,Kallithea,GR,37.95,23.7,75.09,69,0,1.99,clear sky
259,Tuskegee,US,32.424,-85.6916,71.1,90,0,1.99,clear sky
260,Chokurdakh,RU,70.6333,147.9167,-4.52,95,100,5.61,overcast clouds
261,Blackwater,AU,-23.5833,148.8833,75.87,74,98,3.85,overcast clouds
262,Severo-Kurilsk,RU,50.6789,156.125,37.38,75,38,7.92,scattered clouds
263,Mahibadhoo,MV,3.7833,72.9667,83.23,71,37,13.78,scattered clouds
264,Namibe,AO,-15.1961,12.1522,71.64,58,52,16.58,broken clouds
265,Dikson,RU,73.5069,80.5464,10.49,87,100,12.75,overcast clouds
266,Erdenet,MN,49.0333,104.0833,32.85,46,58,1.86,broken clouds
267,Road Town,VG,18.4167,-64.6167,86.2,62,20,9.22,few clouds
268,Mount Gambier,AU,-37.8333,140.7667,46.13,94,17,6.42,few clouds
269,Sao Joao Da Barra,BR,-21.6403,-41.0511,74.17,79,33,14.0,scattered clouds
270,Baillif,GP,16.0202,-61.7463,85.5,68,39,13.82,scattered clouds
271,Tonekabon,IR,36.8163,50.8738,64.71,69,0,2.19,clear sky
272,Lompoc,US,34.6391,-120.4579,61.38,93,40,4.61,mist
273,Tangara,BR,-6.1994,-35.8017,96.67,30,45,12.53,scattered clouds
274,Bengkulu,ID,-3.8004,102.2655,76.37,90,74,3.8,broken clouds
275,Ibra,OM,22.6906,58.5334,83.37,39,30,8.81,scattered clouds
276,Ngunguru,NZ,-35.6167,174.5,61.16,97,100,19.04,overcast clouds
277,Naryan-Mar,RU,67.6713,53.087,27.55,83,35,12.62,scattered clouds
278,Vangaindrano,MG,-23.35,47.6,72.32,91,10,6.24,clear sky
279,Nianzishan,CN,47.5167,122.8833,42.51,46,0,4.83,clear sky
280,Hobyo,SO,5.3505,48.5268,80.47,75,12,10.45,few clouds
281,Berlevag,NO,70.8578,29.0864,34.79,73,100,16.89,light rain
282,Disna,BY,55.568,28.1971,43.11,74,100,14.76,overcast clouds
283,Vila Velha,BR,-20.3297,-40.2925,77.0,73,36,12.95,scattered clouds
284,Kruisfontein,ZA,-34.0033,24.7314,62.89,71,2,23.31,clear sky
285,Peniche,PT,39.3558,-9.3811,77.61,66,95,10.31,overcast clouds
286,Amahai,ID,-3.3333,128.9167,78.78,85,96,2.28,overcast clouds
287,Gaoua,BF,10.2992,-3.2508,85.48,58,100,3.89,overcast clouds
288,Saint George,US,37.1041,-113.5841,68.47,41,1,4.61,clear sky
289,Trabzon,TR,40.9167,39.8333,55.49,77,0,4.61,clear sky
290,Hithadhoo,MV,-0.6,73.0833,82.33,74,99,11.79,overcast clouds
291,Koulikoro,ML,14.0,-7.75,89.13,45,100,8.48,overcast clouds
292,Cap Malheureux,MU,-19.9842,57.6142,75.47,72,3,5.01,clear sky
293,Alofi,NU,-19.0595,-169.9187,73.99,67,21,19.86,light rain
294,Mangrol,IN,21.1167,70.1167,80.08,64,8,9.19,clear sky
295,Batemans Bay,AU,-35.7167,150.1833,63.99,94,100,9.73,overcast clouds
296,Ponta Do Sol,PT,32.6667,-17.1,74.01,59,20,5.59,few clouds
297,Hadejia,NG,12.4498,10.0444,95.02,27,82,4.52,broken clouds
298,Port Hardy,CA,50.6996,-127.4199,46.58,93,75,5.75,moderate rain
299,Pimentel,PE,-6.8367,-79.9342,67.01,78,100,13.13,overcast clouds
300,Alice Springs,AU,-23.7,133.8833,74.75,31,40,10.36,scattered clouds
301,Quepos,CR,9.4236,-84.1652,86.59,73,80,3.27,broken clouds
302,Zhovkva,UA,50.0583,23.9726,43.81,63,35,8.25,scattered clouds
303,Maues,BR,-3.3836,-57.7186,94.71,43,56,4.03,broken clouds
304,Tagusao,PH,9.1924,117.8141,77.18,86,100,2.82,overcast clouds
305,Bafata,GW,12.1667,-14.75,91.81,46,80,3.22,broken clouds
306,Grand Gaube,MU,-20.0064,57.6608,75.38,72,4,5.01,clear sky
307,Quatre Cocos,MU,-20.2078,57.7625,75.09,78,21,10.09,few clouds
308,Kungurtug,RU,50.5994,97.5228,30.43,62,94,1.21,overcast clouds
309,Caravelas,BR,-17.7125,-39.2481,80.89,65,67,9.22,broken clouds
310,Gladstone,AU,-23.85,151.25,75.13,69,90,4.61,light rain
311,Bayan,CN,46.0833,127.4,39.7,56,0,7.31,clear sky
312,Loum,CM,4.7182,9.7351,80.11,78,60,3.18,light rain
313,Suez,EG,29.9737,32.5263,72.48,53,0,16.49,clear sky
314,Perth,AU,-31.9333,115.8333,60.67,82,0,8.05,clear sky
315,Comodoro Rivadavia,AR,-45.8667,-67.5,60.66,18,20,17.27,few clouds
316,Hasaki,JP,35.7333,140.8333,43.2,53,0,14.99,clear sky
317,Mackay,AU,-21.15,149.2,77.04,83,90,11.5,overcast clouds
318,Leshukonskoye,RU,64.8989,45.7622,23.58,94,16,4.79,few clouds
319,Luena,AO,-11.7833,19.9167,76.44,56,64,2.59,broken clouds
320,Ostrovnoy,RU,68.0531,39.5131,30.78,81,100,16.26,light snow
321,Chara,RU,56.9064,118.2631,33.08,56,100,0.78,overcast clouds
322,Chimbote,PE,-9.0853,-78.5783,67.62,74,96,10.31,overcast clouds
323,Kanniyakumari,IN,8.0833,77.5667,81.0,81,58,11.45,broken clouds
324,Daru,PG,-9.0763,143.2092,79.07,80,87,12.33,overcast clouds
325,Whitehorse,CA,60.7161,-135.0538,36.01,74,99,15.01,overcast clouds
326,Waipawa,NZ,-41.4122,175.5153,54.23,88,87,4.36,overcast clouds
327,Udayagiri,IN,20.1333,84.3833,64.53,76,7,2.48,clear sky
328,Pisco,PE,-13.7,-76.2167,66.02,79,8,6.67,clear sky
329,Xichang,CN,27.8964,102.2634,55.67,86,56,2.57,broken clouds
330,Kerkini,GR,41.2167,23.0833,68.16,68,60,1.72,broken clouds
331,Catina,IT,37.5021,15.0872,72.73,85,75,1.01,broken clouds
332,Rocha,UY,-34.4833,-54.3333,60.64,78,100,2.66,light rain
333,Saurimo,AO,-9.6608,20.3916,80.65,54,63,3.31,broken clouds
334,Dauphin,CA,51.1494,-100.0502,39.11,70,98,9.71,overcast clouds
335,Henties Bay,NA,-22.116,14.2845,64.85,70,0,16.69,clear sky
336,Puerto Madryn,AR,-42.7692,-65.0385,60.89,18,2,18.41,clear sky
337,Mandera,KE,3.9366,41.867,85.71,52,92,14.63,light rain
338,Kyshtovka,RU,56.555,76.6271,45.82,84,100,14.83,overcast clouds
339,Mezhdurechensk,RU,53.6942,88.0603,39.54,65,100,5.06,overcast clouds
340,Lisakovsk,KZ,52.5369,62.4936,51.49,70,100,13.94,overcast clouds
341,Norden,DE,53.6,7.2,52.95,70,92,1.99,overcast clouds
342,Saint-Louis,SN,16.3333,-15.0,99.95,12,3,5.91,clear sky
343,Mangan,IN,27.5167,88.5333,67.21,91,94,1.41,overcast clouds
344,Codrington,AU,-38.2667,141.9667,49.62,87,16,12.01,few clouds
345,Buin,CL,-33.7333,-70.75,64.74,26,13,3.09,few clouds
346,Half Moon Bay,US,37.4636,-122.4286,58.62,89,75,1.99,mist
347,Victoria Point,AU,-27.5833,153.3,74.91,94,70,3.0,broken clouds
348,Elizabethton,US,36.3487,-82.2107,64.49,71,75,6.91,broken clouds
349,Mountain Home,US,43.133,-115.6912,46.11,61,100,2.42,overcast clouds
350,Pemangkat,ID,1.1667,108.9667,79.81,77,100,2.89,overcast clouds
351,Waddan,LY,29.1614,16.139,89.6,15,92,10.51,overcast clouds
352,Mindif,CM,10.3976,14.4363,93.92,31,53,8.39,broken clouds
353,Svay Rieng,KH,11.0879,105.7993,77.41,89,100,7.02,heavy intensity rain
354,Liwale,TZ,-9.7667,37.9333,84.45,37,51,10.11,broken clouds
355,Komsomolskiy,UZ,40.4272,71.7189,47.12,42,1,6.91,clear sky
356,Shubarshi,KZ,48.5872,57.1869,51.42,51,3,10.02,clear sky
357,Narsaq,GL,60.9167,-46.05,37.62,80,96,1.68,overcast clouds
358,Chau Doc,VN,10.7,105.1167,78.89,85,95,6.51,moderate rain
359,Kununurra,AU,-15.7667,128.7333,82.38,78,1,9.22,clear sky
360,Mahina,PF,-17.5065,-149.489,73.17,88,75,4.61,light rain
361,Yumen,CN,40.2833,97.2,43.75,38,79,10.49,broken clouds
362,Ujiie,JP,36.6833,139.9667,43.45,70,2,3.02,clear sky
363,Fort Nelson,CA,58.8053,-122.7002,33.71,79,16,2.19,few clouds
364,Ramona,US,33.0417,-116.8681,60.4,91,90,3.44,mist
365,Skelleftea,SE,64.7507,20.9528,26.96,66,31,4.61,scattered clouds
366,Dedza,MW,-14.3779,34.3332,73.72,39,70,3.6,broken clouds
367,Sorsk,RU,54.0033,90.2467,37.85,47,80,18.43,broken clouds
368,Dolinsk,RU,47.35,142.8,38.32,87,9,7.45,clear sky
369,San Antonio,US,29.4241,-98.4936,79.36,86,75,1.01,broken clouds
370,Iguape,BR,-24.7081,-47.5553,75.96,65,19,8.01,few clouds
371,Andenes,NO,69.3143,16.1194,31.98,93,75,11.5,freezing rain
372,Petropavlovka,RU,50.6114,105.3196,35.6,63,42,2.06,scattered clouds
373,Tomatlan,MX,19.9333,-105.25,82.31,78,100,1.72,overcast clouds
374,Mecca,SA,21.4267,39.8261,85.93,49,0,6.53,clear sky
375,Sao Tome,ST,0.3365,6.7273,78.31,81,68,7.94,broken clouds
376,Otavi,NA,-19.65,17.3333,86.85,13,2,15.32,clear sky
377,Waitati,NZ,-45.75,170.5667,53.8,82,100,7.16,overcast clouds
378,Lazaro Cardenas,MX,17.9583,-102.2,82.38,75,99,1.66,overcast clouds
379,Kabansk,RU,52.0486,106.6528,21.69,84,13,5.68,few clouds
380,Champerico,GT,14.3,-91.9167,90.36,77,84,2.84,broken clouds
381,Biskamzha,RU,53.4497,89.5272,34.2,68,97,4.83,overcast clouds
382,Sobolevo,RU,54.4299,31.8996,43.23,65,97,15.52,light rain
383,Beckley,US,37.7782,-81.1882,53.71,78,57,3.0,broken clouds
384,Kemin,KG,42.7846,75.6892,42.24,45,2,5.95,clear sky
385,Botou,CN,38.0667,116.5667,50.45,54,0,3.89,clear sky
386,Scottsbluff,US,41.8666,-103.6672,57.63,93,90,10.36,mist
387,Turayf,SA,31.6725,38.6637,72.21,28,0,8.37,clear sky
388,Qaqortoq,GL,60.7167,-46.0333,37.36,72,76,7.99,broken clouds
389,Yamada,JP,39.4667,141.95,43.09,76,5,6.51,clear sky
390,Changtu,CN,42.7788,124.0955,43.0,54,0,6.17,clear sky
391,Sibolga,ID,1.7427,98.7792,77.94,89,94,2.19,moderate rain
392,Iesolo,IT,45.5331,12.6448,64.54,69,0,17.65,clear sky
393,Edd,ER,13.9297,41.6925,87.94,60,37,13.65,scattered clouds
394,Emilio Carranza,MX,19.9711,-96.6114,81.34,68,42,6.62,scattered clouds
395,Karratha,AU,-20.7377,116.8463,81.32,46,82,10.25,broken clouds
396,Luanda,AO,-8.8368,13.2343,80.6,74,20,13.8,few clouds
397,Nelson Bay,AU,-32.7167,152.15,66.69,97,50,12.97,scattered clouds
398,Horsham,GB,51.064,-0.3272,57.02,63,75,3.44,broken clouds
399,Mehamn,NO,71.0357,27.8492,35.04,69,100,15.82,light rain
400,Orange Cove,US,36.6244,-119.3137,62.29,70,90,1.59,overcast clouds
401,Omsukchan,RU,62.5333,155.8,1.92,89,100,2.64,overcast clouds
402,Guozhen,CN,34.3659,107.359,52.14,82,63,0.98,broken clouds
403,Lerwick,GB,60.1545,-1.1494,50.0,89,100,25.68,overcast clouds
404,Kendari,ID,-3.945,122.4989,76.06,92,60,2.42,broken clouds
405,Nouakchott,MR,18.0858,-15.9785,98.53,39,3,10.54,clear sky
406,Saint-Paul,RE,-21.0096,55.2707,77.11,94,45,4.63,scattered clouds
407,Raudeberg,NO,61.9875,5.1352,45.27,72,100,7.0,overcast clouds
408,South Valley,US,35.0101,-106.6781,71.31,33,33,4.9,scattered clouds
409,Zyryanovsk,KZ,49.7386,84.2719,36.05,53,92,1.99,overcast clouds
410,Annamalainagar,IN,11.4,79.7333,81.64,77,62,7.54,broken clouds
411,Muravlenko,RU,63.7898,74.523,34.86,99,100,15.23,overcast clouds
412,Biu,NG,10.6129,12.1946,79.02,61,88,0.87,light rain
413,Magistralnyy,RU,56.1725,107.4458,34.29,94,100,1.23,overcast clouds
414,Yurimaguas,PE,-5.9,-76.0833,94.69,43,65,5.17,broken clouds
415,Weligama,LK,5.9667,80.4167,79.34,79,10,7.25,clear sky
416,Zhaotong,CN,27.3167,103.7167,46.6,96,100,5.55,overcast clouds
417,Prince Rupert,CA,54.3161,-130.3201,43.54,88,100,8.19,light rain
418,Tuatapere,NZ,-46.1333,167.6833,51.35,95,100,1.1,moderate rain
419,Fuxin,CN,42.0156,121.6589,46.53,57,0,3.36,clear sky
420,Mezhdurechenskiy,RU,59.6,65.9333,43.09,76,82,14.2,broken clouds
421,Saldanha,ZA,-33.0117,17.9442,60.48,71,17,11.65,few clouds
422,Megion,RU,61.0296,76.1136,44.62,87,94,15.48,overcast clouds
423,Pangnirtung,CA,66.1451,-65.7125,30.2,86,90,6.91,light snow
424,Puerto Escondido,MX,15.85,-97.0667,80.83,78,99,4.88,overcast clouds
425,Atar,MR,20.5169,-13.0499,95.14,9,4,4.54,clear sky
426,Chiredzi,ZW,-21.05,31.6667,96.64,18,0,5.68,clear sky
427,Marzuq,YE,14.4,46.4667,78.48,20,17,9.31,few clouds
428,Maceio,BR,-9.6658,-35.7353,90.84,62,40,16.11,scattered clouds
429,That Phanom,TH,16.9364,104.7104,66.97,82,58,7.14,broken clouds
430,Opuwo,NA,-18.0607,13.84,89.85,8,3,15.26,clear sky
431,Bubaque,GW,11.2833,-15.8333,84.34,64,83,6.08,broken clouds
432,Nurota,UZ,40.5614,65.6886,53.69,39,4,9.26,clear sky
433,Zhigansk,RU,66.7697,123.3711,19.13,96,100,12.91,snow
434,Santarem,BR,-2.4431,-54.7083,92.19,47,44,4.41,scattered clouds
435,Togur,RU,58.3631,82.8265,42.51,90,100,15.55,overcast clouds
436,Batangafo,CF,7.3008,18.2833,79.7,79,39,1.9,scattered clouds
437,Plainview,US,40.7765,-73.4673,58.59,63,90,1.01,overcast clouds
438,Bilma,NE,18.6853,12.9164,94.42,10,1,8.46,clear sky
439,Molchanovo,RU,57.5817,83.7692,41.41,90,100,15.26,light rain
440,Aksu,CN,41.1231,80.2644,51.48,56,91,5.91,overcast clouds
441,Machakos,KE,-1.5167,37.2667,70.21,47,58,6.22,broken clouds
442,Anklam,DE,53.8564,13.6897,48.06,75,7,7.58,clear sky
443,Pedernales,DO,18.0384,-71.744,87.26,55,33,2.59,scattered clouds
444,Eirunepe,BR,-6.6603,-69.8736,96.6,39,34,5.28,scattered clouds
445,Kismayo,SO,-0.3582,42.5454,78.69,75,25,11.5,scattered clouds
446,Burns Lake,CA,54.2331,-125.7533,36.59,81,100,3.09,overcast clouds
447,Villarrica,PY,-25.75,-56.4333,76.75,83,100,9.01,overcast clouds
448,Ambilobe,MG,-13.2,49.05,78.26,78,48,1.41,scattered clouds
449,Gondar,ET,12.6,37.4667,62.69,68,96,3.49,light rain
450,Dunedin,NZ,-45.8742,170.5036,53.8,82,100,11.99,overcast clouds
451,Bonfim,BR,3.0833,-59.95,91.54,47,24,2.68,few clouds
452,Klaksvik,FO,62.2266,-6.589,50.92,96,100,38.39,overcast clouds
453,Pervomayskiy,RU,53.2485,40.2871,44.13,56,56,12.39,broken clouds
454,Faya,SA,18.3851,42.4509,65.39,41,7,3.76,clear sky
455,Mount Isa,AU,-20.7333,139.5,74.97,64,100,0.0,light rain
456,Santa Rosa,PH,14.3122,121.1114,80.11,73,100,10.67,overcast clouds
457,Pontianak,ID,-0.0333,109.3333,76.98,88,20,0.0,few clouds
458,Novo Aripuana,BR,-5.1206,-60.3797,97.48,38,99,3.18,overcast clouds
459,Hirado,JP,33.3597,129.5531,62.13,60,4,16.35,clear sky
460,Itarema,BR,-2.9248,-39.9167,89.82,51,77,15.23,broken clouds
461,Kitaibaraki,JP,36.7833,140.75,46.89,75,0,7.81,clear sky
462,Phonhong,LA,18.5007,102.4166,70.05,91,61,0.18,broken clouds
463,Manglisi,GE,41.697,44.3845,45.19,54,0,4.03,clear sky
464,Varnamo,SE,57.186,14.04,41.88,72,34,4.94,scattered clouds
465,Nizwa,OM,22.9333,57.5333,84.16,32,8,3.22,clear sky
466,Dasoguz,TM,41.8363,59.9666,50.11,28,0,10.47,clear sky
467,Miraflores,MX,19.2167,-98.8083,62.02,72,87,1.9,overcast clouds
468,Swan Hill,AU,-35.3378,143.5544,46.38,90,0,10.16,clear sky
469,Tucuman,AR,-26.8241,-65.2226,82.45,31,86,10.89,overcast clouds
470,Fairbanks,US,64.8378,-147.7164,28.42,88,89,3.02,overcast clouds
471,Wagar,SD,16.1525,36.2032,93.83,16,9,4.25,clear sky
472,Barre,US,44.197,-72.5021,48.18,64,1,6.91,clear sky
473,Alekseyevsk,RU,57.8406,108.3492,34.75,95,99,6.22,overcast clouds
474,Gat,IL,31.61,34.7642,74.08,100,0,9.75,clear sky
475,Kalmunai,LK,7.4167,81.8167,79.54,79,64,1.66,broken clouds
476,Valparaiso,CL,-33.0393,-71.6273,67.64,57,0,11.5,clear sky
477,Port Augusta,AU,-32.5,137.7667,46.71,69,1,11.79,clear sky
478,Ciudad Bolivar,VE,8.1222,-63.5497,83.75,67,85,8.05,overcast clouds
479,Yarmouth,US,41.7057,-70.2286,63.09,83,75,17.0,broken clouds
480,Westerland,DE,54.9079,8.3033,50.18,71,20,10.36,few clouds
481,Araouane,ML,18.9048,-3.5265,96.22,15,20,2.66,few clouds
482,Yarada,IN,17.65,83.2667,82.72,78,75,0.0,mist
483,Richards Bay,ZA,-28.783,32.0377,75.79,76,9,3.2,clear sky
484,Foumbot,CM,5.5079,10.6356,72.75,83,81,1.99,broken clouds
485,Gigmoto,PH,13.7796,124.39,79.07,88,100,4.36,light rain
486,Angol,CL,-37.8,-72.7167,61.61,43,71,4.47,broken clouds
487,Taoudenni,ML,22.6783,-3.9836,93.33,15,0,3.71,clear sky
488,Moline,US,41.5067,-90.5151,51.85,67,1,5.75,clear sky
489,Benghazi,LY,32.1167,20.0667,78.89,46,9,4.36,clear sky
490,Guarapari,BR,-20.6667,-40.4975,76.32,77,28,12.75,scattered clouds
491,Khandyga,RU,62.6667,135.6,0.75,98,53,2.15,broken clouds
492,Noumea,NC,-22.2763,166.4572,67.98,84,92,9.6,overcast clouds
493,Yenagoa,NG,4.9247,6.2642,73.24,98,100,2.06,light rain
494,Ha Tinh,VN,18.3333,105.9,68.07,81,99,5.41,overcast clouds
495,Marion,US,39.7684,-86.1555,56.41,77,75,5.75,broken clouds
496,San Diego,US,32.7153,-117.1573,63.27,90,90,0.0,overcast clouds
497,Shimoda,JP,34.6667,138.95,52.11,66,87,12.91,overcast clouds
498,Khudumelapye,BW,-23.8833,24.75,86.09,9,0,15.68,clear sky
499,Warrington,GB,53.3925,-2.5802,54.81,76,75,1.01,broken clouds
500,Bati,ET,11.1833,40.0167,70.27,37,21,3.69,few clouds
501,Shelburne,CA,44.0787,-80.2041,43.56,75,99,3.53,overcast clouds
502,Krasnoselkup,RU,65.7,82.4667,32.58,98,100,13.35,light snow
503,Aksarka,RU,66.5606,67.7975,30.63,95,98,9.93,overcast clouds
504,Vilhena,BR,-12.7406,-60.1458,92.62,38,62,7.07,broken clouds
505,Wawa,NG,9.9022,4.4192,82.26,67,71,8.46,light rain
506,Inhambane,MZ,-23.865,35.3833,75.15,80,0,17.74,clear sky
507,Mweka,CD,-4.85,21.5667,80.49,60,84,2.13,broken clouds
508,Kaeo,NZ,-35.1,173.7833,61.32,98,100,7.2,overcast clouds
509,Carmelo,UY,-33.9892,-58.2856,69.21,66,82,8.46,light rain
510,Seabra,BR,-12.4186,-41.7703,80.35,62,100,8.03,overcast clouds
511,Pathein,MM,16.7833,94.7333,75.88,92,60,1.63,broken clouds
512,Labrea,BR,-7.2586,-64.7981,100.27,33,16,5.46,few clouds
513,Bialystok,PL,53.1333,23.15,40.19,76,67,10.94,broken clouds
514,Guerrero Negro,MX,27.9769,-114.0611,68.54,70,5,14.72,clear sky
515,La Asuncion,VE,11.0333,-63.8628,82.63,73,65,17.22,broken clouds
516,Chipinge,ZW,-20.1883,32.6236,83.43,31,58,8.57,broken clouds
517,Hornepayne,CA,49.2138,-84.7705,34.81,97,100,8.1,light rain
518,Roald,NO,62.5833,6.1333,46.33,65,20,8.05,few clouds
519,Semey,KZ,50.4111,80.2275,46.78,53,100,19.42,overcast clouds
520,Bandarbeyla,SO,9.4942,50.8122,78.75,75,9,11.83,clear sky
521,Seidu,SL,9.0167,-10.6,81.05,70,93,4.59,light rain
522,Nikolayevsk-Na-Amure,RU,53.1406,140.73,29.07,97,38,4.41,scattered clouds
523,Akhaldaba,GE,41.654,42.1516,47.43,71,0,2.3,clear sky
524,Talnakh,RU,69.4865,88.3972,21.7,96,100,6.69,light snow
525,Provost,CA,52.3501,-110.2683,37.04,57,100,15.55,light rain
526,General Roca,AR,-39.0333,-67.5833,69.62,17,0,22.17,clear sky
527,Sabang,ID,5.8933,95.3214,81.66,76,98,5.28,light rain
528,Wuan,CN,31.6836,112.0044,53.94,59,45,5.14,scattered clouds
529,Chumikan,RU,54.7183,135.315,39.18,77,66,22.84,broken clouds
530,Presidente Epitacio,BR,-21.7633,-52.1156,88.3,39,56,14.67,broken clouds
531,Voskresenskoye,RU,56.8381,45.4317,44.24,75,98,6.58,light rain
532,Bereda,ES,43.2686,-7.5406,65.41,68,100,3.38,overcast clouds
533,Preston,GB,53.7667,-2.7167,55.15,78,100,1.01,overcast clouds
534,Digby,CA,44.6169,-65.7655,62.69,80,100,4.56,overcast clouds
535,Pinar Del Rio,CU,22.4175,-83.6981,84.63,63,99,7.07,overcast clouds
536,Deputatskiy,RU,69.3,139.9,-8.48,99,90,2.98,overcast clouds
537,Villa Carlos Paz,AR,-31.4241,-64.4978,67.39,64,81,10.0,broken clouds
538,Port-Cartier,CA,50.0334,-66.8654,48.42,93,100,4.5,overcast clouds
539,Turochak,RU,52.2576,87.1224,39.81,55,98,2.57,overcast clouds
540,Vanimo,PG,-2.6741,141.3028,77.45,89,68,5.88,broken clouds
541,Surt,LY,31.2089,16.5887,86.79,30,100,14.63,overcast clouds
542,Dhidhdhoo,MV,6.8833,73.1,81.72,79,100,14.76,overcast clouds
543,Rio Grande,BR,-32.035,-52.0986,69.91,91,100,8.72,moderate rain
544,Shimorskoye,RU,55.3244,42.0267,44.46,67,74,11.59,broken clouds
545,Show Low,US,34.2542,-110.0298,60.71,42,1,21.85,clear sky
546,Rio Pardo,BR,-29.9897,-52.3781,72.07,84,100,4.92,moderate rain
547,Xuanhua,CN,40.6103,115.0447,45.68,46,1,1.7,clear sky
548,Tremedal,BR,-14.9758,-41.4108,82.72,58,100,5.93,overcast clouds
549,High Rock,BS,26.6208,-78.2833,80.01,78,95,12.28,overcast clouds
550,Mackenzie,CA,55.2999,-123.1698,38.25,94,85,2.62,overcast clouds
551,San Carlos De Bariloche,AR,-41.1456,-71.3082,50.61,53,32,14.5,scattered clouds
552,Portsmouth,GB,50.799,-1.0913,57.9,72,88,1.99,overcast clouds
553,Catamarca,AR,-28.4696,-65.7852,82.04,51,0,11.01,clear sky
554,Galle,LK,6.0367,80.217,80.92,75,15,7.47,few clouds
555,Bullhead City,US,35.1478,-114.5683,75.72,30,75,5.75,broken clouds
556,Coihaique,CL,-45.5752,-72.0662,50.61,50,20,9.22,few clouds
557,Sayat,TM,38.7839,63.8803,53.58,27,0,10.04,clear sky
558,Dandong,CN,40.1292,124.3947,44.96,63,0,1.72,clear sky
559,Timizart,DZ,36.8,4.2667,63.63,82,98,5.21,light rain
560,Yuryuzan,RU,54.8633,58.4219,47.1,77,33,10.76,scattered clouds
561,Atkinson,US,42.8384,-71.147,56.89,63,1,1.01,clear sky
562,Singaparna,ID,-7.3515,108.111,73.44,96,96,1.39,overcast clouds
563,Chicama,PE,-7.8447,-79.1469,72.39,64,63,9.42,broken clouds
564,Boras,SE,57.721,12.9401,44.62,67,78,1.7,broken clouds
565,Hami,CN,42.8,93.45,50.83,38,100,8.32,overcast clouds
566,Abrau-Dyurso,RU,44.69,37.59,60.26,82,98,7.92,overcast clouds
567,Metro,ID,-5.1131,105.3067,76.68,89,96,4.25,overcast clouds
568,Kasungu,MW,-13.0333,33.4833,84.43,24,16,9.84,few clouds
569,The Pas,CA,53.8251,-101.2541,35.62,100,90,8.05,mist
570,Polunochnoye,RU,60.8697,60.4153,39.04,75,69,13.29,broken clouds
571,Adre,TD,13.4667,22.2,87.35,21,7,11.07,clear sky
572,Jiangyou,CN,31.7667,104.7167,56.68,82,100,2.06,light rain
573,Maniitsoq,GL,65.4167,-52.9,25.41,52,59,8.32,broken clouds
574,Sarkand,KZ,45.41,79.9186,38.89,45,7,4.18,clear sky
575,Diamantino,BR,-14.4086,-56.4461,96.78,37,100,9.15,overcast clouds
576,Lasa,IT,46.6166,10.7002,52.54,56,6,1.92,clear sky
577,Poso,ID,-1.3959,120.7524,76.33,87,100,4.47,overcast clouds
578,Vostok,RU,46.4856,135.8833,29.95,88,0,6.17,clear sky
579,Robertsganj,IN,24.7,83.0667,70.3,63,0,2.75,clear sky
580,Sinnamary,GF,5.3833,-52.95,82.67,81,98,9.82,light rain
581,Sola,VU,-13.8833,167.55,80.91,77,20,16.08,few clouds
582,Tenenkou,ML,14.4572,-4.9169,99.48,23,16,2.55,few clouds
583,Te Anau,NZ,-45.4167,167.7167,50.11,94,100,0.45,moderate rain
584,Visnes,NO,59.3556,5.2242,49.21,66,75,10.36,broken clouds
585,Flagstaff,US,35.1981,-111.6513,52.52,45,1,5.99,clear sky
586,Shushtar,IR,32.0455,48.8567,80.37,16,0,2.37,clear sky
587,Kampot,KH,10.6167,104.1833,78.85,90,74,6.04,light rain
588,Guisa,CU,20.255,-76.5386,88.29,50,72,1.1,broken clouds
589,Victor Harbor,AU,-35.5667,138.6167,52.81,84,28,9.48,scattered clouds
590,Swabi,PK,34.1199,72.4699,66.54,64,0,9.06,clear sky
591,Bilibino,RU,68.0546,166.4372,-3.91,100,100,0.22,overcast clouds
592,Ucluelet,CA,48.9329,-125.5528,51.1,93,100,14.79,overcast clouds
593,Haines Junction,CA,60.7522,-137.5108,28.11,99,100,1.05,overcast clouds
594,Kholodnyy,RU,62.7167,147.95,-7.58,99,90,2.95,overcast clouds
595,Sicamous,CA,50.8331,-118.9856,46.11,90,99,2.21,overcast clouds
596,Lulea,SE,65.5842,22.1547,23.07,93,0,3.44,clear sky
597,Axim,GH,4.8699,-2.2405,80.37,76,99,7.31,light rain
598,La Palma,US,33.8464,-118.0467,64.49,95,90,1.99,mist
599,Port Blair,IN,11.6667,92.75,80.64,78,85,1.23,overcast clouds
600,Shymkent,KZ,42.3,69.6,45.19,53,10,2.24,clear sky
601,Northam,GB,51.0333,-4.2167,56.01,75,99,16.84,overcast clouds
602,Iskateley,RU,67.6803,53.1512,27.46,83,37,12.62,scattered clouds
603,Rafraf,TN,37.1904,10.1837,73.71,80,100,5.12,overcast clouds
604,Labuan,MY,5.2767,115.2417,78.96,76,100,9.51,overcast clouds
605,La Ronge,CA,55.1001,-105.2842,35.29,76,17,15.84,few clouds
606,Nokaneng,BW,-19.6667,22.2667,96.96,15,26,2.84,scattered clouds
607,Shubarkuduk,KZ,49.1447,56.4872,51.89,72,48,8.19,scattered clouds
608,Sorland,NO,67.667,12.6934,42.1,56,74,10.92,broken clouds
609,Smithers,CA,54.7804,-127.1743,44.92,65,90,5.75,light rain
610,Burnie,AU,-41.0667,145.9167,51.94,71,98,11.23,overcast clouds
611,Sisophon,KH,13.5859,102.9737,75.22,91,98,7.25,overcast clouds
612,Hervey Bay,AU,-25.2986,152.8535,76.03,88,30,19.57,scattered clouds
613,Ambovombe,MG,-25.1667,46.0833,72.3,85,47,9.71,scattered clouds
614,Kambia,SL,9.1167,-12.9167,83.21,81,72,5.03,moderate rain
615,Ribeirao Branco,BR,-24.2208,-48.7656,80.02,33,53,6.64,broken clouds
616,Port Moresby,PG,-9.4431,147.1797,75.25,87,73,3.02,broken clouds
617,Zalantun,CN,48.0,122.7167,39.83,55,0,4.12,clear sky
618,Esso,RU,55.9333,158.7,23.95,99,100,3.11,overcast clouds
619,Margate,GB,51.3813,1.3862,55.89,66,78,11.79,broken clouds
620,Bonthe,SL,7.5264,-12.505,83.62,71,62,10.29,light rain
621,Clermont,FR,49.5,2.4167,56.93,65,9,3.65,clear sky
622,Gizo,SB,-8.103,156.8419,81.9,78,11,8.84,few clouds
623,Dzilam Gonzalez,MX,21.2833,-88.9333,77.85,90,100,2.06,overcast clouds
624,Okha,RU,53.5739,142.9478,32.67,93,31,8.39,scattered clouds
625,Mosquera,CO,4.7059,-74.2302,62.58,75,40,5.79,scattered clouds
626,Karaidel,RU,55.8337,56.9069,44.98,76,28,11.14,scattered clouds
627,Moose Factory,CA,51.2585,-80.6094,35.58,100,90,12.66,mist
628,Thinadhoo,MV,0.5333,72.9333,83.66,69,53,14.32,broken clouds
629,Fernley,US,39.608,-119.2518,51.91,83,91,1.99,overcast clouds
630,Marystown,CA,47.1666,-55.1483,61.86,100,100,3.0,overcast clouds
631,Kinablangan,PH,7.6947,126.5503,79.36,83,100,3.58,overcast clouds
632,Sakakah,SA,29.9697,40.2064,78.64,24,4,9.48,clear sky
633,Kashi,CN,39.4547,75.9797,48.85,21,2,0.51,clear sky
634,Kijang,KR,35.2442,129.2139,57.29,61,7,4.7,clear sky
635,Ewo,CG,-0.8725,14.8206,78.98,76,97,4.09,overcast clouds
636,Poplar Bluff,US,36.757,-90.3929,64.62,67,100,5.7,overcast clouds
637,Mandalgovi,MN,45.7625,106.2708,35.85,33,0,3.62,clear sky
638,Antofagasta,CL,-23.65,-70.4,63.48,63,29,9.82,scattered clouds
639,Areka,ET,7.0667,37.7,67.06,54,96,2.15,overcast clouds
640,Rastatt,DE,48.85,8.2,55.63,71,0,8.05,clear sky
641,Voh,NC,-20.9667,164.7,68.25,94,7,5.26,clear sky
642,Sioux Lookout,CA,50.1001,-91.917,37.47,93,75,5.75,broken clouds
643,Sayyan,YE,15.1718,44.3244,61.3,23,71,12.93,broken clouds
644,Aklavik,CA,68.2191,-135.0107,23.72,92,62,10.51,broken clouds
645,Punta Cardon,VE,11.6581,-70.215,85.82,66,20,22.01,few clouds
646,Benesov,CZ,49.7816,14.687,49.19,61,84,6.4,broken clouds
647,Uvinza,TZ,-5.1036,30.3911,80.2,49,48,5.14,scattered clouds
648,Iroquois Falls,CA,48.7669,-80.6831,36.41,86,100,9.17,light rain
649,Morgan City,US,29.6994,-91.2068,81.0,74,96,7.0,overcast clouds
650,Da Nang,VN,16.0678,108.2208,71.58,94,75,3.44,broken clouds
651,Tarnos,FR,43.5417,-1.4628,67.96,68,0,6.91,clear sky
652,Bagaces,CR,10.5271,-85.2548,82.33,69,86,0.09,overcast clouds
653,Constitucion,CL,-35.3333,-72.4167,58.32,54,7,16.28,clear sky
654,Portland,US,45.5234,-122.6762,53.29,94,90,1.01,mist
655,Kiunga,PG,-6.1219,141.2906,73.62,93,97,2.73,overcast clouds
656,Tulum,MX,20.2167,-87.4667,87.85,65,99,5.97,overcast clouds
657,Yarim,YE,14.298,44.3779,58.82,27,83,11.77,broken clouds
658,Krasnoarmeysk,RU,51.0239,45.6969,52.29,66,100,11.3,overcast clouds
659,Vegueta,PE,-11.0231,-77.6431,66.87,73,39,11.03,scattered clouds
660,Mogadishu,SO,2.0371,45.3438,80.2,81,10,9.95,clear sky
661,Along,IN,28.1667,94.7667,65.7,88,3,1.83,clear sky
662,Novosokolniki,RU,56.3463,30.1578,39.33,96,100,10.42,moderate rain
663,Erechim,BR,-27.6342,-52.2739,60.55,95,100,6.35,moderate rain
664,Sidi Ali,DZ,36.0998,0.4206,66.38,68,72,9.84,broken clouds
665,Nizhnyaya Tavda,RU,57.6731,66.1725,45.41,72,77,14.52,broken clouds
666,Banyo,CM,6.75,11.8167,72.23,88,61,2.51,light rain
667,Samba,IN,32.5667,75.1167,62.31,83,100,8.01,light rain
668,Brainerd,US,46.358,-94.2008,43.05,63,33,4.47,scattered clouds
669,Dali,CN,25.7,100.1833,54.21,91,0,3.36,clear sky
670,Rovinj,HR,45.08,13.64,62.42,68,12,10.87,few clouds
671,Cairns,AU,-16.9167,145.7667,75.15,89,40,0.0,scattered clouds
672,Simpang,ID,-1.2667,104.0833,75.42,90,50,1.23,scattered clouds
673,San Jeronimo,PE,-11.9472,-75.2829,66.83,30,70,1.36,broken clouds
674,Dubai,AE,25.2582,55.3047,84.78,59,0,5.12,clear sky
675,Shakawe,BW,-18.3667,21.85,89.04,26,70,5.7,broken clouds
676,Elektrenai,LT,54.7667,24.6333,43.52,81,55,10.47,broken clouds
677,Belaya Gora,RU,68.5333,146.4167,-12.68,97,75,3.6,broken clouds
678,Danilovka,RU,50.3557,44.1168,54.55,76,100,13.82,light rain
679,Tahe,CN,52.3333,124.7333,34.07,84,6,3.42,clear sky
680,Tommot,RU,58.9564,126.2925,35.55,88,77,4.03,broken clouds
681,Ludvika,SE,60.1496,15.1878,41.77,77,24,3.0,few clouds
682,Lensk,RU,60.7253,114.9278,37.63,97,100,9.62,light rain
683,Azangaro,PE,-14.9167,-70.2167,64.27,23,18,1.83,few clouds
684,Gonbad-E Qabus,IR,37.25,55.1672,61.75,30,0,3.85,clear sky
685,Port Keats,AU,-14.25,129.55,80.47,82,80,6.51,broken clouds
686,Bambanglipuro,ID,-7.95,110.2833,77.99,86,100,5.08,overcast clouds
687,Lengshuitan,CN,26.4111,111.5956,57.61,77,80,3.51,light rain
688,Springbok,ZA,-29.6643,17.8865,57.22,44,14,14.05,few clouds
689,Corrente,BR,-3.7367,-43.3394,89.71,49,100,4.27,overcast clouds
690,Abu Dhabi,AE,24.4667,54.3667,85.42,57,0,8.84,clear sky
691,Gijon,ES,43.5357,-5.6615,68.45,70,32,4.0,scattered clouds
692,Afsin,TR,38.2477,36.914,55.74,20,2,1.54,clear sky
693,Roseburg,US,43.2165,-123.3417,53.35,75,100,3.33,overcast clouds
694,Thabazimbi,ZA,-24.5917,27.4116,93.2,6,0,15.35,clear sky
695,Yangshe,CN,31.8899,120.6052,61.03,70,100,1.99,light rain
696,Boyolangu,ID,-8.1181,111.8935,77.0,88,100,4.72,overcast clouds
697,Anqing,CN,30.5092,117.0506,58.82,58,100,4.18,light rain
698,Yerbogachen,RU,61.2767,108.0108,33.8,76,100,11.1,overcast clouds
699,Jaca,ES,42.569,-0.5499,65.01,47,0,2.75,clear sky
700,Upata,VE,8.0086,-62.3989,84.2,63,83,8.28,broken clouds
701,Lakes Entrance,AU,-37.8811,147.981,51.57,70,74,17.16,broken clouds
